id,location_1,enter_time_1,exit_time_1,duration_1,location_2,enter_time_2,exit_time_2,duration_2,location_3,enter_time_3,exit_time_3,duration_3,location_4,enter_time_4,exit_time_4,duration_4,location_5,enter_time_5,exit_time_5,duration_5,location_6,enter_time_6,exit_time_6,duration_6,location_7,enter_time_7,exit_time_7,duration_7,location_8,enter_time_8,exit_time_8,duration_8,location_9,enter_time_9,exit_time_9,duration_9,location_10,enter_time_10,exit_time_10,duration_10,location_11,enter_time_11,exit_time_11,duration_11,location_12,enter_time_12,exit_time_12,duration_12,location_13,enter_time_13,exit_time_13,duration_13
'01031,Logan_pass_VC,2023-07-02 12:52:25,2023-07-02 12:54:55,150.0,Hidden_lake_overlook,2023-07-02 12:57:10,2023-07-02 15:07:55,7845.0,Logan_pass_VC,2023-07-02 15:12:10,2023-07-02 15:19:10,420.0,Shuttle_Logan_pass,2023-07-02 15:19:55,2023-07-02 15:27:10,435.0,Shuttle_Logan_pass,2023-07-02 15:27:25,2023-07-02 15:29:54,149.0,Shuttle_Logan_pass,2023-07-02 15:30:25,2023-07-02 15:33:10,165.0,Logan_pass_parking,2023-07-02 15:30:55,2023-07-02 15:33:25,150.0,,,,,,,,,,,,,,,,,,,,,,,,
'01061,Shuttle_Logan_pass,2023-07-02 12:29:10,2023-07-02 12:37:10,480.0,Logan_pass_VC,2023-07-02 12:38:40,2023-07-02 12:44:10,330.0,Logan_pass_VC,2023-07-02 12:45:40,2023-07-02 12:48:10,150.0,Logan_pass_VC,2023-07-02 12:51:40,2023-07-02 12:55:55,255.0,Hidden_lake_overlook,2023-07-02 12:56:40,2023-07-02 14:35:55,5955.0,Logan_pass_VC,2023-07-02 14:40:25,2023-07-02 14:57:10,1005.0,Logan_pass_VC,2023-07-02 14:58:55,2023-07-02 15:01:25,150.0,Shuttle_Logan_pass,2023-07-02 15:01:55,2023-07-02 15:06:40,285.0,Logan_pass_parking,2023-07-02 15:06:55,2023-07-02 15:08:55,120.0,Shuttle_Logan_pass,2023-07-02 17:28:10,2023-07-02 17:47:25,1155.0,,,,,,,,,,,,
'01241,Logan_pass_VC,2023-07-02 13:14:53,2023-07-02 13:19:23,270.0,Hidden_lake_overlook,2023-07-02 13:24:08,2023-07-02 14:54:38,5430.0,Logan_pass_VC,2023-07-02 14:56:38,2023-07-02 14:59:53,195.0,Logan_pass_VC,2023-07-02 15:05:08,2023-07-02 15:08:08,180.0,Shuttle_Logan_pass,2023-07-02 15:09:07,2023-07-02 15:14:53,346.0,Logan_pass_parking,2023-07-02 15:13:08,2023-07-02 15:16:23,195.0,,,,,,,,,,,,,,,,,,,,,,,,,,,,
'01341,Hidden_lake_overlook,2023-07-02 13:52:29,2023-07-02 15:42:14,6585.0,Logan_pass_VC,2023-07-02 15:44:59,2023-07-02 16:04:29,1170.0,Shuttle_Logan_pass,2023-07-02 16:04:59,2023-07-02 16:07:59,180.0,,,,,,,,,,,,,,,,,,,,,,,,,,,,,,,,,,,,,,,,
'01501,Logan_pass_VC,2023-07-02 13:58:30,2023-07-02 14:05:30,420.0,Hidden_lake_overlook,2023-07-02 14:09:15,2023-07-02 15:37:30,5295.0,Logan_pass_VC,2023-07-02 15:41:00,2023-07-02 16:00:00,1140.0,Logan_pass_parking,2023-07-02 16:00:30,2023-07-02 16:09:00,510.0,Shuttle_Logan_pass,2023-07-02 16:00:30,2023-07-02 16:02:45,135.0,Shuttle_Logan_pass,2023-07-02 16:05:45,2023-07-02 16:08:00,135.0,,,,,,,,,,,,,,,,,,,,,,,,,,,,
'02011,Logan_pass_parking,2023-07-05 09:25:39,2023-07-05 09:28:39,180.0,,,,,,,,,,,,,,,,,,,,,,,,,,,,,,,,,,,,,,,,,,,,,,,,
'02021,Logan_pass_parking,2023-07-05 09:12:16,2023-07-05 10:29:46,4650.0,Logan_pass_parking,2023-07-05 10:31:16,2023-07-05 10:33:46,150.0,Loop_highline_grinnell_glac,2023-07-05 10:35:01,2023-07-05 17:54:32,26371.0,Logan_pass_parking,2023-07-05 19:02:06,2023-07-05 19:06:36,270.0,,,,,,,,,,,,,,,,,,,,,,,,,,,,,,,,,,,,
'02031,Logan_pass_parking,2023-07-05 10:59:43,2023-07-05 11:02:28,165.0,Logan_pass_VC,2023-07-05 11:03:13,2023-07-05 11:08:13,300.0,Logan_pass_parking,2023-07-05 11:15:43,2023-07-05 11:20:27,284.0,,,,,,,,,,,,,,,,,,,,,,,,,,,,,,,,,,,,,,,,
'02081,Logan_pass_parking,2023-07-05 10:17:42,2023-07-05 12:22:27,7485.0,,,,,,,,,,,,,,,,,,,,,,,,,,,,,,,,,,,,,,,,,,,,,,,,
'02091,Logan_pass_parking,2023-07-05 10:04:17,2023-07-05 10:06:47,150.0,Logan_pass_VC,2023-07-05 10:07:32,2023-07-05 10:26:32,1140.0,Logan_pass_parking,2023-07-05 10:27:02,2023-07-05 10:38:47,705.0,Logan_pass_parking,2023-07-05 13:44:47,2023-07-05 13:56:17,690.0,,,,,,,,,,,,,,,,,,,,,,,,,,,,,,,,,,,,
'02101,Logan_pass_parking,2023-07-05 09:59:15,2023-07-05 10:02:00,165.0,Logan_pass_parking,2023-07-05 10:03:15,2023-07-05 10:05:45,150.0,Logan_pass_parking,2023-07-05 10:06:15,2023-07-05 10:11:15,300.0,Hidden_lake_overlook,2023-07-05 10:14:30,2023-07-05 11:25:00,4230.0,Logan_pass_VC,2023-07-05 11:27:00,2023-07-05 11:31:15,255.0,Logan_pass_parking,2023-07-05 11:31:45,2023-07-05 11:33:45,120.0,,,,,,,,,,,,,,,,,,,,,,,,,,,,
'02111,Logan_pass_parking,2023-07-05 10:04:13,2023-07-05 10:08:28,255.0,Logan_pass_VC,2023-07-05 10:16:13,2023-07-05 10:29:43,810.0,Logan_pass_parking,2023-07-05 10:30:43,2023-07-05 10:38:43,480.0,Logan_pass_parking,2023-07-05 13:44:43,2023-07-05 13:56:13,690.0,,,,,,,,,,,,,,,,,,,,,,,,,,,,,,,,,,,,
'02141,Logan_pass_parking,2023-07-05 09:51:50,2023-07-05 09:53:50,120.0,Hidden_lake_overlook,2023-07-05 10:03:35,2023-07-05 11:37:20,5625.0,Logan_pass_VC,2023-07-05 11:39:35,2023-07-05 11:50:50,675.0,Loop_highline_grinnell_glac,2023-07-05 11:53:05,2023-07-05 12:34:50,2505.0,Loop_highline_grinnell_glac,2023-07-05 12:37:05,2023-07-05 12:46:20,555.0,Logan_pass_VC,2023-07-05 12:49:05,2023-07-05 12:51:50,165.0,Logan_pass_parking,2023-07-05 12:52:05,2023-07-05 12:55:35,210.0,,,,,,,,,,,,,,,,,,,,,,,,
'02161,Logan_pass_VC,2023-07-05 10:44:08,2023-07-05 10:53:52,584.0,Logan_pass_VC,2023-07-05 11:04:08,2023-07-05 11:07:38,210.0,Logan_pass_parking,2023-07-05 11:08:23,2023-07-05 11:10:23,120.0,,,,,,,,,,,,,,,,,,,,,,,,,,,,,,,,,,,,,,,,
'02181,Logan_pass_parking,2023-07-05 10:39:39,2023-07-05 11:05:54,1575.0,Logan_pass_parking,2023-07-05 16:03:30,2023-07-05 16:20:15,1005.0,,,,,,,,,,,,,,,,,,,,,,,,,,,,,,,,,,,,,,,,,,,,
'02191,Logan_pass_parking,2023-07-05 09:10:58,2023-07-05 09:41:58,1860.0,Logan_pass_VC,2023-07-05 09:42:28,2023-07-05 09:45:58,210.0,Hidden_lake_overlook,2023-07-05 09:50:58,2023-07-05 11:27:13,5775.0,Logan_pass_VC,2023-07-05 11:28:58,2023-07-05 11:45:13,975.0,Loop_highline_grinnell_glac,2023-07-05 11:50:28,2023-07-05 12:06:28,960.0,Loop_highline_grinnell_glac,2023-07-05 12:07:43,2023-07-05 13:33:58,5175.0,Loop_highline_grinnell_glac,2023-07-05 13:39:28,2023-07-05 13:46:43,435.0,Logan_pass_parking,2023-07-05 13:48:13,2023-07-05 13:50:58,165.0,,,,,,,,,,,,,,,,,,,,
'02201,Logan_pass_parking,2023-07-05 14:47:14,2023-07-05 14:51:14,240.0,,,,,,,,,,,,,,,,,,,,,,,,,,,,,,,,,,,,,,,,,,,,,,,,
'02221,Logan_pass_VC,2023-07-05 12:50:54,2023-07-05 13:09:39,1125.0,Hidden_lake_overlook,2023-07-05 13:11:39,2023-07-05 15:21:54,7815.0,Logan_pass_VC,2023-07-05 15:26:54,2023-07-05 15:36:09,555.0,Shuttle_Logan_pass,2023-07-05 15:36:24,2023-07-05 15:46:09,585.0,Logan_pass_parking,2023-07-05 15:39:09,2023-07-05 15:41:54,165.0,Logan_pass_parking,2023-07-05 15:42:24,2023-07-05 15:46:24,240.0,,,,,,,,,,,,,,,,,,,,,,,,,,,,
'02241,Logan_pass_parking,2023-07-05 14:03:39,2023-07-05 14:07:24,225.0,Logan_pass_VC,2023-07-05 14:23:39,2023-07-05 14:28:39,300.0,Logan_pass_VC,2023-07-05 14:29:24,2023-07-05 14:34:39,315.0,Hidden_lake_overlook,2023-07-05 14:36:54,2023-07-05 15:58:54,4920.0,Logan_pass_VC,2023-07-05 15:59:54,2023-07-05 16:06:24,390.0,Logan_pass_parking,2023-07-05 16:06:54,2023-07-05 16:09:09,135.0,Logan_pass_parking,2023-07-05 16:20:54,2023-07-05 16:23:09,135.0,,,,,,,,,,,,,,,,,,,,,,,,
'02271,Logan_pass_VC,2023-07-05 09:13:41,2023-07-05 09:18:41,300.0,Logan_pass_VC,2023-07-05 09:19:10,2023-07-05 09:23:56,286.0,Loop_highline_grinnell_glac,2023-07-05 09:39:23,2023-07-05 16:22:08,24165.0,,,,,,,,,,,,,,,,,,,,,,,,,,,,,,,,,,,,,,,,
'02291,Logan_pass_VC,2023-07-05 09:13:42,2023-07-05 09:20:58,436.0,Logan_pass_VC,2023-07-05 09:21:13,2023-07-05 09:31:58,645.0,Loop_highline_grinnell_glac,2023-07-05 09:39:28,2023-07-05 16:15:43,23775.0,,,,,,,,,,,,,,,,,,,,,,,,,,,,,,,,,,,,,,,,
'02301,Logan_pass_parking,2023-07-05 09:41:25,2023-07-05 10:31:10,2985.0,Logan_pass_parking,2023-07-05 14:22:10,2023-07-05 14:28:55,405.0,,,,,,,,,,,,,,,,,,,,,,,,,,,,,,,,,,,,,,,,,,,,
'02331,Logan_pass_parking,2023-07-05 10:43:59,2023-07-05 11:37:44,3225.0,,,,,,,,,,,,,,,,,,,,,,,,,,,,,,,,,,,,,,,,,,,,,,,,
'02341,Logan_pass_VC,2023-07-05 10:38:46,2023-07-05 10:43:31,285.0,Loop_highline_grinnell_glac,2023-07-05 10:48:01,2023-07-05 18:31:46,27825.0,,,,,,,,,,,,,,,,,,,,,,,,,,,,,,,,,,,,,,,,,,,,
'02351,Logan_pass_parking,2023-07-05 11:10:47,2023-07-05 11:15:47,300.0,,,,,,,,,,,,,,,,,,,,,,,,,,,,,,,,,,,,,,,,,,,,,,,,
'02431,Logan_pass_parking,2023-07-05 15:13:49,2023-07-05 15:18:04,255.0,,,,,,,,,,,,,,,,,,,,,,,,,,,,,,,,,,,,,,,,,,,,,,,,
'02441,Logan_pass_parking,2023-07-05 15:37:09,2023-07-05 16:39:39,3750.0,,,,,,,,,,,,,,,,,,,,,,,,,,,,,,,,,,,,,,,,,,,,,,,,
'02451,Logan_pass_parking,2023-07-05 09:05:23,2023-07-05 09:12:38,435.0,,,,,,,,,,,,,,,,,,,,,,,,,,,,,,,,,,,,,,,,,,,,,,,,
'02461,Logan_pass_parking,2023-07-05 08:19:37,2023-07-05 11:23:07,11010.0,,,,,,,,,,,,,,,,,,,,,,,,,,,,,,,,,,,,,,,,,,,,,,,,
'02471,Logan_pass_parking,2023-07-05 10:54:05,2023-07-05 10:57:35,210.0,,,,,,,,,,,,,,,,,,,,,,,,,,,,,,,,,,,,,,,,,,,,,,,,
'02481,Logan_pass_parking,2023-07-05 10:45:11,2023-07-05 10:47:41,150.0,,,,,,,,,,,,,,,,,,,,,,,,,,,,,,,,,,,,,,,,,,,,,,,,
'02551,Logan_pass_parking,2023-07-05 10:53:54,2023-07-05 10:57:54,240.0,,,,,,,,,,,,,,,,,,,,,,,,,,,,,,,,,,,,,,,,,,,,,,,,
'03031,Shuttle_Logan_pass,2023-07-06 13:00:26,2023-07-06 13:02:41,135.0,Shuttle_Logan_pass,2023-07-06 13:05:56,2023-07-06 13:10:56,300.0,Loop_highline_grinnell_glac,2023-07-06 13:11:41,2023-07-06 14:15:11,3810.0,Shuttle_Logan_pass,2023-07-06 14:22:26,2023-07-06 14:43:41,1275.0,Logan_pass_parking,2023-07-06 14:46:41,2023-07-06 14:51:26,285.0,,,,,,,,,,,,,,,,,,,,,,,,,,,,,,,,
'03101,Logan_pass_VC,2023-07-06 12:42:17,2023-07-06 12:57:47,930.0,Hidden_lake_overlook,2023-07-06 13:00:47,2023-07-06 14:03:02,3735.0,,,,,,,,,,,,,,,,,,,,,,,,,,,,,,,,,,,,,,,,,,,,
'03201,Logan_pass_VC,2023-07-06 16:26:09,2023-07-06 16:49:19,1390.0,Shuttle_Logan_pass,2023-07-06 16:50:19,2023-07-06 17:48:19,3480.0,Logan_pass_parking,2023-07-06 17:51:34,2023-07-06 17:54:19,165.0,,,,,,,,,,,,,,,,,,,,,,,,,,,,,,,,,,,,,,,,
'03311,Logan_pass_parking,2023-07-05 08:08:36,2023-07-05 08:12:06,210.0,Logan_pass_parking,2023-07-05 08:22:06,2023-07-05 08:50:36,1710.0,Loop_highline_grinnell_glac,2023-07-05 08:52:06,2023-07-05 08:59:51,465.0,Loop_highline_grinnell_glac,2023-07-05 09:02:06,2023-07-05 09:26:06,1440.0,,,,,,,,,,,,,,,,,,,,,,,,,,,,,,,,,,,,
'03471,Logan_pass_VC,2023-07-06 16:19:58,2023-07-06 16:36:28,990.0,Hidden_lake_overlook,2023-07-06 16:37:43,2023-07-06 18:13:28,5745.0,Shuttle_Logan_pass,2023-07-06 18:15:13,2023-07-06 18:21:28,375.0,,,,,,,,,,,,,,,,,,,,,,,,,,,,,,,,,,,,,,,,
'0355,Logan_pass_parking,2023-07-12 17:44:46,2023-07-12 17:54:09,563.0,Hidden_lake_overlook,2023-07-12 17:57:39,2023-07-12 18:21:24,1425.0,Logan_pass_parking,2023-07-12 18:25:09,2023-07-12 18:30:24,315.0,,,,,,,,,,,,,,,,,,,,,,,,,,,,,,,,,,,,,,,,
'03551,Shuttle_Logan_pass,2023-07-06 12:01:16,2023-07-06 12:03:16,120.0,Logan_pass_VC,2023-07-06 12:05:16,2023-07-06 12:10:16,300.0,Hidden_lake_overlook,2023-07-06 12:12:31,2023-07-06 13:45:01,5550.0,Logan_pass_VC,2023-07-06 13:50:16,2023-07-06 13:54:01,225.0,Logan_pass_VC,2023-07-06 14:25:31,2023-07-06 14:27:46,135.0,Loop_highline_grinnell_glac,2023-07-06 14:29:46,2023-07-06 14:42:01,735.0,Loop_highline_grinnell_glac,2023-07-06 14:43:31,2023-07-06 14:47:31,240.0,Loop_highline_grinnell_glac,2023-07-06 14:50:46,2023-07-06 14:59:31,525.0,Shuttle_Logan_pass,2023-07-06 15:00:31,2023-07-06 15:02:31,120.0,Shuttle_Logan_pass,2023-07-06 15:13:16,2023-07-06 16:14:16,3660.0,,,,,,,,,,,,
'04051,Logan_pass_parking,2023-07-07 16:54:30,2023-07-07 16:56:45,135.0,Hidden_lake_overlook,2023-07-07 17:19:59,2023-07-07 18:39:00,4741.0,Logan_pass_VC,2023-07-07 18:40:15,2023-07-07 18:42:45,150.0,Shuttle_Logan_pass,2023-07-07 18:44:45,2023-07-07 18:47:30,165.0,Logan_pass_parking,2023-07-07 18:45:45,2023-07-07 18:48:30,165.0,,,,,,,,,,,,,,,,,,,,,,,,,,,,,,,,
'04301,Logan_pass_parking,2023-07-05 09:41:25,2023-07-05 10:31:10,2985.0,Logan_pass_parking,2023-07-05 14:22:10,2023-07-05 14:28:55,405.0,,,,,,,,,,,,,,,,,,,,,,,,,,,,,,,,,,,,,,,,,,,,
'05071,Logan_pass_parking,2023-07-10 11:42:29,2023-07-10 14:08:59,8790.0,,,,,,,,,,,,,,,,,,,,,,,,,,,,,,,,,,,,,,,,,,,,,,,,
'05081,Logan_pass_parking,2023-07-10 10:24:08,2023-07-10 12:54:38,9030.0,,,,,,,,,,,,,,,,,,,,,,,,,,,,,,,,,,,,,,,,,,,,,,,,
'05091,Loop_highline_grinnell_glac,2023-07-10 11:59:55,2023-07-10 12:04:25,270.0,Logan_pass_parking,2023-07-10 12:36:10,2023-07-10 12:45:40,570.0,,,,,,,,,,,,,,,,,,,,,,,,,,,,,,,,,,,,,,,,,,,,
'05121,Logan_pass_parking,2023-07-10 14:17:43,2023-07-10 14:24:58,435.0,Logan_pass_VC,2023-07-10 14:25:28,2023-07-10 14:36:58,690.0,Hidden_lake_overlook,2023-07-10 14:38:13,2023-07-10 16:34:58,7005.0,Logan_pass_parking,2023-07-10 16:38:58,2023-07-10 16:44:58,360.0,,,,,,,,,,,,,,,,,,,,,,,,,,,,,,,,,,,,
'05141,Logan_pass_parking,2023-07-10 14:15:41,2023-07-10 14:58:56,2595.0,,,,,,,,,,,,,,,,,,,,,,,,,,,,,,,,,,,,,,,,,,,,,,,,
'05171,Logan_pass_parking,2023-07-10 11:31:23,2023-07-10 11:54:53,1410.0,,,,,,,,,,,,,,,,,,,,,,,,,,,,,,,,,,,,,,,,,,,,,,,,
'05221,Logan_pass_parking,2023-07-11 11:49:01,2023-07-11 12:25:01,2160.0,Logan_pass_VC,2023-07-11 12:25:31,2023-07-11 12:37:46,735.0,Logan_pass_parking,2023-07-11 12:45:16,2023-07-11 12:47:31,135.0,,,,,,,,,,,,,,,,,,,,,,,,,,,,,,,,,,,,,,,,
'05231,Logan_pass_parking,2023-07-10 10:57:22,2023-07-10 12:45:52,6510.0,,,,,,,,,,,,,,,,,,,,,,,,,,,,,,,,,,,,,,,,,,,,,,,,
'05251,Logan_pass_parking,2023-07-10 09:31:32,2023-07-10 09:54:02,1350.0,Hidden_lake_overlook,2023-07-10 10:37:02,2023-07-10 12:22:17,6315.0,Logan_pass_VC,2023-07-10 12:26:17,2023-07-10 12:36:17,600.0,Loop_highline_grinnell_glac,2023-07-10 12:38:47,2023-07-10 12:41:17,150.0,,,,,,,,,,,,,,,,,,,,,,,,,,,,,,,,,,,,
'05261,Logan_pass_parking,2023-07-10 09:36:29,2023-07-10 09:38:29,120.0,,,,,,,,,,,,,,,,,,,,,,,,,,,,,,,,,,,,,,,,,,,,,,,,
'05291,Loop_highline_grinnell_glac,2023-07-10 08:50:03,2023-07-10 16:03:33,26010.0,,,,,,,,,,,,,,,,,,,,,,,,,,,,,,,,,,,,,,,,,,,,,,,,
'05341,Logan_pass_parking,2023-07-10 14:24:24,2023-07-10 14:26:24,120.0,,,,,,,,,,,,,,,,,,,,,,,,,,,,,,,,,,,,,,,,,,,,,,,,
'05361,Logan_pass_parking,2023-07-10 08:24:31,2023-07-10 08:28:31,240.0,Logan_pass_parking,2023-07-10 08:28:46,2023-07-10 08:45:16,990.0,Logan_pass_VC,2023-07-10 08:46:46,2023-07-10 08:49:16,150.0,Hidden_lake_overlook,2023-07-10 08:53:16,2023-07-10 10:25:31,5535.0,Logan_pass_VC,2023-07-10 10:26:31,2023-07-10 10:35:16,525.0,Logan_pass_parking,2023-07-10 10:36:16,2023-07-10 10:40:46,270.0,,,,,,,,,,,,,,,,,,,,,,,,,,,,
'05451,Logan_pass_parking,2023-07-05 09:05:23,2023-07-05 09:12:38,435.0,,,,,,,,,,,,,,,,,,,,,,,,,,,,,,,,,,,,,,,,,,,,,,,,
'05461,Logan_pass_parking,2023-07-10 09:22:51,2023-07-10 09:26:21,210.0,Logan_pass_VC,2023-07-10 09:27:21,2023-07-10 09:29:21,120.0,Logan_pass_VC,2023-07-10 09:29:36,2023-07-10 09:34:17,281.0,Hidden_lake_overlook,2023-07-10 09:53:32,2023-07-10 11:25:47,5535.0,Shuttle_Logan_pass,2023-07-10 11:34:47,2023-07-10 11:39:32,285.0,Logan_pass_parking,2023-07-10 11:39:32,2023-07-10 11:43:17,225.0,,,,,,,,,,,,,,,,,,,,,,,,,,,,
'05511,Logan_pass_parking,2023-07-10 14:35:08,2023-07-10 14:48:38,810.0,Logan_pass_VC,2023-07-10 14:49:08,2023-07-10 14:52:53,225.0,Hidden_lake_overlook,2023-07-10 14:54:53,2023-07-10 16:38:53,6240.0,Logan_pass_parking,2023-07-10 16:40:38,2023-07-10 17:00:08,1170.0,,,,,,,,,,,,,,,,,,,,,,,,,,,,,,,,,,,,
'05541,Logan_pass_parking,2023-07-10 10:07:51,2023-07-10 10:22:36,885.0,Logan_pass_VC,2023-07-10 12:22:24,2023-07-10 12:28:39,375.0,Hidden_lake_overlook,2023-07-10 12:29:54,2023-07-10 13:55:39,5145.0,Logan_pass_VC,2023-07-10 13:56:39,2023-07-10 14:07:24,645.0,Shuttle_Logan_pass,2023-07-10 14:07:39,2023-07-10 14:14:09,390.0,,,,,,,,,,,,,,,,,,,,,,,,,,,,,,,,
'06041,Logan_pass_parking,2023-07-11 12:56:49,2023-07-11 14:50:19,6810.0,,,,,,,,,,,,,,,,,,,,,,,,,,,,,,,,,,,,,,,,,,,,,,,,
'06061,Logan_pass_parking,2023-07-11 11:40:28,2023-07-11 11:49:49,561.0,,,,,,,,,,,,,,,,,,,,,,,,,,,,,,,,,,,,,,,,,,,,,,,,
'06111,Logan_pass_parking,2023-07-11 13:49:47,2023-07-11 13:56:32,405.0,,,,,,,,,,,,,,,,,,,,,,,,,,,,,,,,,,,,,,,,,,,,,,,,
'06131,Logan_pass_parking,2023-07-11 13:02:45,2023-07-11 13:18:15,930.0,,,,,,,,,,,,,,,,,,,,,,,,,,,,,,,,,,,,,,,,,,,,,,,,
'06261,Logan_pass_parking,2023-07-11 14:39:48,2023-07-11 15:31:18,3090.0,,,,,,,,,,,,,,,,,,,,,,,,,,,,,,,,,,,,,,,,,,,,,,,,
'06301,Logan_pass_parking,2023-07-10 15:09:55,2023-07-10 15:25:55,960.0,Logan_pass_VC,2023-07-10 15:26:10,2023-07-10 15:41:55,945.0,Hidden_lake_overlook,2023-07-10 15:44:25,2023-07-10 17:42:10,7065.0,Logan_pass_VC,2023-07-10 17:47:24,2023-07-10 17:58:10,646.0,Logan_pass_parking,2023-07-10 17:58:40,2023-07-10 18:08:10,570.0,,,,,,,,,,,,,,,,,,,,,,,,,,,,,,,,
'06421,Loop_highline_grinnell_glac,2023-07-11 13:23:17,2023-07-11 19:35:00,22303.0,,,,,,,,,,,,,,,,,,,,,,,,,,,,,,,,,,,,,,,,,,,,,,,,
'06441,Logan_pass_parking,2023-07-11 17:54:29,2023-07-11 18:35:29,2460.0,,,,,,,,,,,,,,,,,,,,,,,,,,,,,,,,,,,,,,,,,,,,,,,,
'06451,Logan_pass_parking,2023-07-11 13:47:57,2023-07-11 13:59:57,720.0,,,,,,,,,,,,,,,,,,,,,,,,,,,,,,,,,,,,,,,,,,,,,,,,
'06511,Logan_pass_parking,2023-07-12 17:48:29,2023-07-12 18:03:44,915.0,,,,,,,,,,,,,,,,,,,,,,,,,,,,,,,,,,,,,,,,,,,,,,,,
'06521,Logan_pass_parking,2023-07-11 15:03:47,2023-07-11 15:29:17,1530.0,,,,,,,,,,,,,,,,,,,,,,,,,,,,,,,,,,,,,,,,,,,,,,,,
'07041,Logan_pass_parking,2023-07-12 18:13:22,2023-07-12 18:34:07,1245.0,,,,,,,,,,,,,,,,,,,,,,,,,,,,,,,,,,,,,,,,,,,,,,,,
'07101,Logan_pass_parking,2023-07-12 16:08:25,2023-07-12 16:21:25,780.0,Oberlin_climbing,2023-07-12 16:24:25,2023-07-12 18:08:10,6225.0,Logan_pass_parking,2023-07-12 18:11:25,2023-07-12 18:14:25,180.0,,,,,,,,,,,,,,,,,,,,,,,,,,,,,,,,,,,,,,,,
'07161,Logan_pass_parking,2023-07-12 16:44:37,2023-07-12 17:10:07,1530.0,,,,,,,,,,,,,,,,,,,,,,,,,,,,,,,,,,,,,,,,,,,,,,,,
'07171,Logan_pass_parking,2023-07-12 16:39:13,2023-07-12 17:15:13,2160.0,,,,,,,,,,,,,,,,,,,,,,,,,,,,,,,,,,,,,,,,,,,,,,,,
'07181,Logan_pass_parking,2023-07-12 16:51:36,2023-07-12 16:55:06,210.0,Hidden_lake_overlook,2023-07-12 16:56:51,2023-07-12 17:59:51,3780.0,,,,,,,,,,,,,,,,,,,,,,,,,,,,,,,,,,,,,,,,,,,,
'07211,Logan_pass_parking,2023-07-12 17:41:02,2023-07-12 17:48:17,435.0,Loop_highline_grinnell_glac,2023-07-12 17:50:02,2023-07-12 18:23:47,2025.0,Loop_highline_grinnell_glac,2023-07-12 18:34:17,2023-07-12 18:36:32,135.0,Logan_pass_parking,2023-07-12 18:38:47,2023-07-12 18:44:32,345.0,,,,,,,,,,,,,,,,,,,,,,,,,,,,,,,,,,,,
'07231,Logan_pass_parking,2023-07-12 19:43:19,2023-07-12 19:50:19,420.0,,,,,,,,,,,,,,,,,,,,,,,,,,,,,,,,,,,,,,,,,,,,,,,,
'07351,Logan_pass_parking,2023-07-12 17:11:38,2023-07-12 17:36:08,1470.0,,,,,,,,,,,,,,,,,,,,,,,,,,,,,,,,,,,,,,,,,,,,,,,,
'08231,Shuttle_Logan_pass,2023-07-14 17:13:38,2023-07-14 17:17:53,255.0,,,,,,,,,,,,,,,,,,,,,,,,,,,,,,,,,,,,,,,,,,,,,,,,
'09041,Logan_pass_parking,2023-07-16 13:08:32,2023-07-16 15:31:17,8565.0,,,,,,,,,,,,,,,,,,,,,,,,,,,,,,,,,,,,,,,,,,,,,,,,
'09081,Logan_pass_parking,2023-07-16 08:46:44,2023-07-16 08:49:44,180.0,,,,,,,,,,,,,,,,,,,,,,,,,,,,,,,,,,,,,,,,,,,,,,,,
'09161,Logan_pass_parking,2023-07-16 14:04:19,2023-07-16 14:08:34,255.0,Logan_pass_parking,2023-07-16 16:13:04,2023-07-16 16:52:04,2340.0,,,,,,,,,,,,,,,,,,,,,,,,,,,,,,,,,,,,,,,,,,,,
'09381,Logan_pass_parking,2023-07-16 09:55:59,2023-07-16 09:59:14,195.0,Logan_pass_VC,2023-07-16 10:22:44,2023-07-16 10:26:14,210.0,Hidden_lake_overlook,2023-07-16 10:33:14,2023-07-16 11:58:59,5145.0,Logan_pass_VC,2023-07-16 12:00:44,2023-07-16 12:02:44,120.0,Shuttle_Logan_pass,2023-07-16 12:08:29,2023-07-16 12:24:14,945.0,,,,,,,,,,,,,,,,,,,,,,,,,,,,,,,,
'10081,Logan_pass_parking,2023-07-18 19:25:08,2023-07-18 19:52:53,1665.0,,,,,,,,,,,,,,,,,,,,,,,,,,,,,,,,,,,,,,,,,,,,,,,,
'10391,Logan_pass_parking,2023-07-18 18:38:05,2023-07-18 18:45:50,465.0,Logan_pass_VC,2023-07-18 18:46:20,2023-07-18 18:50:50,270.0,Hidden_lake_overlook,2023-07-18 18:51:50,2023-07-18 20:22:05,5415.0,Logan_pass_parking,2023-07-18 20:24:05,2023-07-18 20:26:35,150.0,,,,,,,,,,,,,,,,,,,,,,,,,,,,,,,,,,,,
'10471,Logan_pass_parking,2023-07-18 18:42:24,2023-07-18 18:47:39,315.0,Logan_pass_VC,2023-07-18 18:48:09,2023-07-18 18:51:39,210.0,Oberlin_climbing,2023-07-18 18:58:24,2023-07-18 21:30:09,9105.0,Logan_pass_parking,2023-07-18 21:33:09,2023-07-18 21:41:09,480.0,,,,,,,,,,,,,,,,,,,,,,,,,,,,,,,,,,,,
'11331,Logan_pass_VC,2023-07-20 11:36:53,2023-07-20 11:48:08,675.0,Hidden_lake_overlook,2023-07-20 11:50:23,2023-07-20 14:27:23,9420.0,Logan_pass_VC,2023-07-20 14:29:53,2023-07-20 14:33:53,240.0,Logan_pass_VC,2023-07-20 14:36:08,2023-07-20 14:47:08,660.0,Shuttle_Logan_pass,2023-07-20 14:47:38,2023-07-20 15:02:38,900.0,Logan_pass_parking,2023-07-20 14:53:23,2023-07-20 14:56:08,165.0,Logan_pass_parking,2023-07-20 15:00:07,2023-07-20 15:03:23,196.0,,,,,,,,,,,,,,,,,,,,,,,,
'11411,Logan_pass_VC,2023-07-20 14:13:01,2023-07-20 14:30:16,1035.0,Hidden_lake_overlook,2023-07-20 14:32:01,2023-07-20 16:35:16,7395.0,Shuttle_Logan_pass,2023-07-20 16:39:16,2023-07-20 16:46:16,420.0,,,,,,,,,,,,,,,,,,,,,,,,,,,,,,,,,,,,,,,,
'12011,Shuttle_Logan_pass,2023-07-21 09:27:09,2023-07-21 09:29:09,120.0,Logan_pass_VC,2023-07-21 09:32:09,2023-07-21 09:35:54,225.0,Logan_pass_VC,2023-07-21 09:37:08,2023-07-21 09:58:39,1291.0,Hidden_lake_overlook,2023-07-21 10:11:24,2023-07-21 12:49:24,9480.0,Logan_pass_VC,2023-07-21 12:50:54,2023-07-21 12:57:24,390.0,Logan_pass_VC,2023-07-21 12:58:54,2023-07-21 13:04:09,315.0,Shuttle_Logan_pass,2023-07-21 13:05:09,2023-07-21 13:11:09,360.0,Shuttle_Logan_pass,2023-07-21 13:13:39,2023-07-21 13:33:09,1170.0,,,,,,,,,,,,,,,,,,,,
'12021,Shuttle_Logan_pass,2023-07-21 09:11:19,2023-07-21 09:25:34,855.0,Loop_highline_grinnell_glac,2023-07-21 09:26:19,2023-07-22 02:32:49,61590.0,,,,,,,,,,,,,,,,,,,,,,,,,,,,,,,,,,,,,,,,,,,,
'12031,Logan_pass_VC,2023-07-21 09:29:32,2023-07-21 09:31:32,120.0,Logan_pass_VC,2023-07-21 09:32:17,2023-07-21 09:37:32,315.0,Logan_pass_VC,2023-07-21 10:35:05,2023-07-21 19:11:35,30990.0,,,,,,,,,,,,,,,,,,,,,,,,,,,,,,,,,,,,,,,,
'12151,Shuttle_Logan_pass,2023-07-21 10:36:36,2023-07-21 10:39:36,180.0,Logan_pass_parking,2023-07-21 10:38:51,2023-07-21 10:41:06,135.0,Shuttle_Logan_pass,2023-07-21 17:13:51,2023-07-21 17:20:36,405.0,,,,,,,,,,,,,,,,,,,,,,,,,,,,,,,,,,,,,,,,
'12161,Shuttle_Logan_pass,2023-07-21 11:14:49,2023-07-21 11:17:05,136.0,Logan_pass_VC,2023-07-21 11:19:50,2023-07-21 11:26:05,375.0,Shuttle_Logan_pass,2023-07-21 11:50:50,2023-07-21 12:12:20,1290.0,Logan_pass_parking,2023-07-21 12:02:05,2023-07-21 12:17:50,945.0,Shuttle_Logan_pass,2023-07-21 12:12:50,2023-07-21 12:17:35,285.0,Shuttle_Logan_pass,2023-07-21 14:43:50,2023-07-21 14:52:20,510.0,,,,,,,,,,,,,,,,,,,,,,,,,,,,
'12251,Logan_pass_VC,2023-07-21 08:59:59,2023-07-21 09:06:44,405.0,Logan_pass_parking,2023-07-21 09:08:29,2023-07-21 09:21:14,765.0,Loop_highline_grinnell_glac,2023-07-21 09:28:14,2023-07-21 11:50:28,8534.0,Loop_highline_grinnell_glac,2023-07-21 11:50:44,2023-07-21 15:10:32,11988.0,,,,,,,,,,,,,,,,,,,,,,,,,,,,,,,,,,,,
'12301,Shuttle_Logan_pass,2023-07-21 11:39:28,2023-07-21 11:41:28,120.0,Logan_pass_VC,2023-07-21 11:41:58,2023-07-21 11:46:58,300.0,Hidden_lake_overlook,2023-07-21 11:49:13,2023-07-21 14:18:58,8985.0,Logan_pass_VC,2023-07-21 14:20:13,2023-07-21 14:26:28,375.0,Logan_pass_VC,2023-07-21 14:27:27,2023-07-21 14:29:43,136.0,Loop_highline_grinnell_glac,2023-07-21 14:32:13,2023-07-21 14:55:13,1380.0,Loop_highline_grinnell_glac,2023-07-21 14:57:43,2023-07-21 15:05:28,465.0,Logan_pass_VC,2023-07-21 15:08:13,2023-07-21 15:13:58,345.0,Shuttle_Logan_pass,2023-07-21 15:14:43,2023-07-21 15:33:13,1110.0,,,,,,,,,,,,,,,,
'12501,Hidden_lake_overlook,2023-07-21 09:02:42,2023-07-21 10:31:42,5340.0,Logan_pass_VC,2023-07-21 10:45:27,2023-07-21 10:56:12,645.0,Shuttle_Logan_pass,2023-07-21 10:56:57,2023-07-21 11:21:12,1455.0,Logan_pass_parking,2023-07-21 11:21:12,2023-07-21 11:23:27,135.0,,,,,,,,,,,,,,,,,,,,,,,,,,,,,,,,,,,,
'12521,Shuttle_Logan_pass,2023-07-21 08:58:49,2023-07-21 09:06:49,480.0,Logan_pass_parking,2023-07-21 09:04:04,2023-07-21 09:07:34,210.0,Shuttle_Logan_pass,2023-07-21 16:02:04,2023-07-21 16:09:49,465.0,,,,,,,,,,,,,,,,,,,,,,,,,,,,,,,,,,,,,,,,
'13041,Logan_pass_VC,2023-07-24 11:54:03,2023-07-24 12:06:33,750.0,Hidden_lake_overlook,2023-07-24 12:10:03,2023-07-24 13:24:48,4485.0,Logan_pass_VC,2023-07-24 13:26:18,2023-07-24 13:28:48,150.0,Shuttle_Logan_pass,2023-07-24 13:29:18,2023-07-24 13:34:03,285.0,,,,,,,,,,,,,,,,,,,,,,,,,,,,,,,,,,,,
'13231,Logan_pass_VC,2023-07-24 10:44:42,2023-07-24 10:52:42,480.0,Loop_highline_grinnell_glac,2023-07-24 10:54:57,2023-07-24 19:01:27,29190.0,Logan_pass_parking,2023-07-24 19:35:42,2023-07-24 19:39:42,240.0,Shuttle_Logan_pass,2023-07-24 19:39:27,2023-07-24 19:41:57,150.0,Logan_pass_VC,2023-07-24 19:42:27,2023-07-24 19:46:27,240.0,Logan_pass_parking,2023-07-24 19:47:12,2023-07-24 19:49:27,135.0,,,,,,,,,,,,,,,,,,,,,,,,,,,,
'13241,Shuttle_Logan_pass,2023-07-24 11:51:26,2023-07-24 11:53:26,120.0,Logan_pass_parking,2023-07-24 11:53:26,2023-07-24 11:57:26,240.0,,,,,,,,,,,,,,,,,,,,,,,,,,,,,,,,,,,,,,,,,,,,
'13381,Hidden_lake_overlook,2023-07-24 09:13:23,2023-07-24 11:09:38,6975.0,Logan_pass_VC,2023-07-24 11:12:23,2023-07-24 11:23:23,660.0,Shuttle_Logan_pass,2023-07-24 11:24:53,2023-07-24 11:26:53,120.0,Shuttle_Logan_pass,2023-07-24 11:27:08,2023-07-24 11:37:23,615.0,Shuttle_Logan_pass,2023-07-24 14:26:08,2023-07-24 14:30:23,255.0,Logan_pass_parking,2023-07-24 14:27:23,2023-07-24 14:31:38,255.0,Shuttle_Logan_pass,2023-07-24 17:15:59,2023-07-24 17:39:44,1425.0,,,,,,,,,,,,,,,,,,,,,,,,
'13511,Logan_pass_VC,2023-07-24 09:13:41,2023-07-24 09:18:11,270.0,Loop_highline_grinnell_glac,2023-07-24 09:25:41,2023-07-24 10:42:56,4635.0,Loop_highline_grinnell_glac,2023-07-24 10:44:26,2023-07-24 13:10:26,8760.0,Loop_highline_grinnell_glac,2023-07-24 13:10:41,2023-07-24 13:15:11,270.0,Loop_highline_grinnell_glac,2023-07-24 13:17:11,2023-07-24 13:25:11,480.0,Logan_pass_VC,2023-07-24 13:27:26,2023-07-24 13:48:26,1260.0,Shuttle_Logan_pass,2023-07-24 13:48:41,2023-07-24 13:50:41,120.0,Logan_pass_parking,2023-07-24 13:50:56,2023-07-24 13:53:11,135.0,,,,,,,,,,,,,,,,,,,,
'14081,Logan_pass_parking,2023-07-26 17:16:51,2023-07-26 17:36:06,1155.0,,,,,,,,,,,,,,,,,,,,,,,,,,,,,,,,,,,,,,,,,,,,,,,,
'14161,Logan_pass_parking,2023-07-26 16:20:57,2023-07-26 16:51:42,1845.0,,,,,,,,,,,,,,,,,,,,,,,,,,,,,,,,,,,,,,,,,,,,,,,,
'14181,Logan_pass_VC,2023-07-27 09:31:39,2023-07-27 09:43:54,735.0,Loop_highline_grinnell_glac,2023-07-27 09:49:09,2023-07-27 10:00:24,675.0,Loop_highline_grinnell_glac,2023-07-27 10:03:24,2023-07-27 11:46:54,6210.0,,,,,,,,,,,,,,,,,,,,,,,,,,,,,,,,,,,,,,,,
'14191,Logan_pass_parking,2023-07-26 16:35:32,2023-07-26 16:39:17,225.0,Logan_pass_VC,2023-07-26 16:39:47,2023-07-26 16:44:32,285.0,Loop_highline_grinnell_glac,2023-07-26 16:47:02,2023-07-26 16:53:01,359.0,Logan_pass_parking,2023-07-26 16:54:32,2023-07-26 16:57:02,150.0,Logan_pass_parking,2023-07-26 17:29:32,2023-07-26 17:35:02,330.0,Loop_highline_grinnell_glac,2023-07-26 17:42:47,2023-07-26 17:54:32,705.0,Loop_highline_grinnell_glac,2023-07-26 17:58:47,2023-07-26 18:17:02,1095.0,Loop_highline_grinnell_glac,2023-07-26 18:17:17,2023-07-26 18:28:17,660.0,Logan_pass_VC,2023-07-26 18:30:02,2023-07-26 18:32:47,165.0,Logan_pass_parking,2023-07-26 18:37:02,2023-07-26 18:41:47,285.0,,,,,,,,,,,,
'14421,Logan_pass_parking,2023-07-26 17:27:46,2023-07-26 17:58:01,1815.0,,,,,,,,,,,,,,,,,,,,,,,,,,,,,,,,,,,,,,,,,,,,,,,,
'14431,Logan_pass_parking,2023-07-26 18:10:52,2023-07-26 18:18:22,450.0,Loop_highline_grinnell_glac,2023-07-26 18:28:07,2023-07-26 18:56:22,1695.0,Hidden_lake_overlook,2023-07-26 19:03:07,2023-07-26 20:49:21,6374.0,Logan_pass_VC,2023-07-26 20:52:52,2023-07-26 20:56:37,225.0,Logan_pass_parking,2023-07-26 20:57:07,2023-07-26 21:09:52,765.0,,,,,,,,,,,,,,,,,,,,,,,,,,,,,,,,
'14521,Logan_pass_parking,2023-07-26 18:38:44,2023-07-26 18:44:44,360.0,Logan_pass_VC,2023-07-26 18:45:14,2023-07-26 18:47:59,165.0,Hidden_lake_overlook,2023-07-26 18:49:59,2023-07-26 19:16:44,1605.0,Logan_pass_parking,2023-07-26 19:19:14,2023-07-26 19:22:44,210.0,,,,,,,,,,,,,,,,,,,,,,,,,,,,,,,,,,,,
'14541,Logan_pass_parking,2023-07-26 17:15:06,2023-07-26 17:21:51,405.0,Hidden_lake_overlook,2023-07-26 17:24:06,2023-07-26 18:17:36,3210.0,Logan_pass_VC,2023-07-26 18:38:06,2023-07-26 18:40:06,120.0,Logan_pass_parking,2023-07-26 18:40:36,2023-07-26 18:46:06,330.0,,,,,,,,,,,,,,,,,,,,,,,,,,,,,,,,,,,,
'15091,Hidden_lake_overlook,2023-07-27 12:19:15,2023-07-27 14:53:15,9240.0,Logan_pass_VC,2023-07-27 14:59:45,2023-07-27 15:08:00,495.0,Logan_pass_parking,2023-07-27 15:09:30,2023-07-27 15:16:15,405.0,Shuttle_Logan_pass,2023-07-27 15:09:30,2023-07-27 15:15:00,330.0,,,,,,,,,,,,,,,,,,,,,,,,,,,,,,,,,,,,
'15101,Logan_pass_VC,2023-07-27 12:09:54,2023-07-27 12:17:24,450.0,Hidden_lake_overlook,2023-07-27 12:20:39,2023-07-27 14:38:24,8265.0,Logan_pass_VC,2023-07-27 14:39:39,2023-07-27 14:46:54,435.0,Logan_pass_parking,2023-07-27 14:47:24,2023-07-27 14:56:39,555.0,Shuttle_Logan_pass,2023-07-27 14:47:24,2023-07-27 14:49:24,120.0,Shuttle_Logan_pass,2023-07-27 14:52:24,2023-07-27 14:55:39,195.0,,,,,,,,,,,,,,,,,,,,,,,,,,,,
'15161,Loop_highline_grinnell_glac,2023-07-27 11:25:02,2023-07-27 12:33:32,4110.0,Loop_highline_grinnell_glac,2023-07-27 12:33:47,2023-07-27 19:20:02,24375.0,Loop_highline_grinnell_glac,2023-07-27 19:32:47,2023-07-27 19:36:17,210.0,,,,,,,,,,,,,,,,,,,,,,,,,,,,,,,,,,,,,,,,
'15251,Logan_pass_VC,2023-07-27 11:35:42,2023-07-27 11:46:12,630.0,Hidden_lake_overlook,2023-07-27 11:47:27,2023-07-27 13:49:12,7305.0,Logan_pass_VC,2023-07-27 13:51:57,2023-07-27 14:12:04,1207.0,Loop_highline_grinnell_glac,2023-07-27 14:17:34,2023-07-27 14:26:19,525.0,Loop_highline_grinnell_glac,2023-07-27 14:26:34,2023-07-27 14:31:19,285.0,Shuttle_Logan_pass,2023-07-27 14:32:04,2023-07-27 14:36:19,255.0,Logan_pass_parking,2023-07-27 14:33:04,2023-07-27 14:35:49,165.0,Shuttle_Logan_pass,2023-07-27 14:47:43,2023-07-27 14:51:28,225.0,Logan_pass_parking,2023-07-27 14:50:43,2023-07-27 14:54:28,225.0,Shuttle_Logan_pass,2023-07-27 14:55:43,2023-07-27 15:02:58,435.0,Logan_pass_parking,2023-07-27 14:57:28,2023-07-27 15:03:43,375.0,Shuttle_Logan_pass,2023-07-27 15:05:58,2023-07-27 15:27:28,1290.0,Logan_pass_parking,2023-07-27 15:23:58,2023-07-27 15:30:13,375.0
'15321,Logan_pass_VC,2023-07-27 13:44:15,2023-07-27 13:47:15,180.0,Logan_pass_parking,2023-07-27 13:49:45,2023-07-27 13:54:30,285.0,Loop_highline_grinnell_glac,2023-07-27 14:15:45,2023-07-27 14:37:00,1275.0,Shuttle_Logan_pass,2023-07-27 14:39:30,2023-07-27 14:45:15,345.0,Logan_pass_parking,2023-07-27 14:45:15,2023-07-27 14:51:30,375.0,,,,,,,,,,,,,,,,,,,,,,,,,,,,,,,,
'15441,Logan_pass_VC,2023-07-27 15:34:27,2023-07-27 15:39:27,300.0,Shuttle_Logan_pass,2023-07-27 15:42:27,2023-07-27 15:52:57,630.0,Logan_pass_parking,2023-07-27 15:49:12,2023-07-27 15:53:57,285.0,,,,,,,,,,,,,,,,,,,,,,,,,,,,,,,,,,,,,,,,
'15501,Logan_pass_VC,2023-07-27 12:36:47,2023-07-27 12:52:02,915.0,Logan_pass_VC,2023-07-27 12:57:47,2023-07-27 13:04:17,390.0,Hidden_lake_overlook,2023-07-27 13:08:17,2023-07-27 15:30:02,8505.0,Logan_pass_VC,2023-07-27 15:31:17,2023-07-27 15:37:02,345.0,Shuttle_Logan_pass,2023-07-27 15:37:32,2023-07-27 15:43:32,360.0,Logan_pass_parking,2023-07-27 15:43:02,2023-07-27 15:45:47,165.0,,,,,,,,,,,,,,,,,,,,,,,,,,,,
'15532,Logan_pass_VC,2023-07-27 12:36:02,2023-07-27 12:38:32,150.0,Shuttle_Logan_pass,2023-07-27 12:39:17,2023-07-27 12:50:47,690.0,Logan_pass_parking,2023-07-27 12:51:02,2023-07-27 12:53:02,120.0,Shuttle_Logan_pass,2023-07-27 17:14:02,2023-07-27 17:35:17,1275.0,Logan_pass_parking,2023-07-27 17:18:02,2023-07-27 17:22:32,270.0,Logan_pass_parking,2023-07-27 17:30:32,2023-07-27 17:35:47,315.0,,,,,,,,,,,,,,,,,,,,,,,,,,,,
'16011,Logan_pass_parking,2023-07-30 18:43:52,2023-07-30 18:57:37,825.0,,,,,,,,,,,,,,,,,,,,,,,,,,,,,,,,,,,,,,,,,,,,,,,,
'16021,Logan_pass_parking,2023-07-30 17:32:55,2023-07-30 17:37:25,270.0,Logan_pass_parking,2023-07-30 17:52:10,2023-07-30 17:58:55,405.0,,,,,,,,,,,,,,,,,,,,,,,,,,,,,,,,,,,,,,,,,,,,
'16181,Logan_pass_parking,2023-07-31 17:57:49,2023-07-31 18:00:34,165.0,Logan_pass_VC,2023-07-31 18:00:49,2023-07-31 18:10:49,600.0,Logan_pass_VC,2023-07-31 18:13:04,2023-07-31 18:15:49,165.0,Logan_pass_parking,2023-07-31 18:16:04,2023-07-31 18:19:49,225.0,Hidden_lake_overlook,2023-07-31 18:22:49,2023-07-31 19:46:04,4995.0,Logan_pass_VC,2023-07-31 19:47:04,2023-07-31 19:49:04,120.0,Logan_pass_parking,2023-07-31 19:49:34,2023-07-31 19:53:34,240.0,,,,,,,,,,,,,,,,,,,,,,,,
'16341,Logan_pass_parking,2023-07-30 19:49:38,2023-07-30 20:27:38,2280.0,,,,,,,,,,,,,,,,,,,,,,,,,,,,,,,,,,,,,,,,,,,,,,,,
'16411,Logan_pass_VC,2023-07-30 18:32:14,2023-07-30 18:48:29,975.0,Logan_pass_parking,2023-07-30 18:49:59,2023-07-30 18:52:44,165.0,Logan_pass_parking,2023-07-30 18:59:14,2023-07-30 19:01:44,150.0,,,,,,,,,,,,,,,,,,,,,,,,,,,,,,,,,,,,,,,,
'16501,Logan_pass_parking,2023-07-30 19:06:39,2023-07-30 19:09:24,165.0,Logan_pass_VC,2023-07-30 19:19:24,2023-07-30 19:21:54,150.0,Logan_pass_parking,2023-07-30 19:22:09,2023-07-30 19:25:39,210.0,,,,,,,,,,,,,,,,,,,,,,,,,,,,,,,,,,,,,,,,
'17041,Logan_pass_parking,2023-07-31 16:06:06,2023-07-31 16:09:36,210.0,Hidden_lake_overlook,2023-07-31 16:13:36,2023-07-31 18:05:06,6690.0,Logan_pass_VC,2023-07-31 18:06:21,2023-07-31 18:11:36,315.0,Logan_pass_parking,2023-07-31 18:12:36,2023-07-31 18:17:06,270.0,,,,,,,,,,,,,,,,,,,,,,,,,,,,,,,,,,,,
'17081,Logan_pass_parking,2023-07-31 16:27:00,2023-07-31 16:30:00,180.0,Logan_pass_VC,2023-07-31 16:39:15,2023-07-31 16:44:30,315.0,Logan_pass_VC,2023-07-31 16:44:45,2023-07-31 16:50:15,330.0,Hidden_lake_overlook,2023-07-31 16:52:30,2023-07-31 18:12:45,4815.0,Logan_pass_parking,2023-07-31 18:20:00,2023-07-31 18:25:30,330.0,,,,,,,,,,,,,,,,,,,,,,,,,,,,,,,,
'17131,Logan_pass_parking,2023-07-31 16:14:18,2023-07-31 16:50:48,2190.0,,,,,,,,,,,,,,,,,,,,,,,,,,,,,,,,,,,,,,,,,,,,,,,,
'17221,Logan_pass_parking,2023-07-31 17:39:16,2023-07-31 17:43:16,240.0,Logan_pass_VC,2023-07-31 17:52:01,2023-07-31 17:56:16,255.0,Logan_pass_parking,2023-07-31 17:56:46,2023-07-31 17:59:31,165.0,,,,,,,,,,,,,,,,,,,,,,,,,,,,,,,,,,,,,,,,
'17341,Logan_pass_parking,2023-07-31 15:58:29,2023-07-31 16:11:29,780.0,Logan_pass_VC,2023-07-31 16:11:59,2023-07-31 16:16:29,270.0,Hidden_lake_overlook,2023-07-31 16:18:44,2023-07-31 18:03:59,6315.0,Logan_pass_VC,2023-07-31 18:05:59,2023-07-31 18:09:44,225.0,Logan_pass_parking,2023-07-31 18:18:59,2023-07-31 18:27:59,540.0,,,,,,,,,,,,,,,,,,,,,,,,,,,,,,,,
'17511,Logan_pass_parking,2023-07-31 16:41:36,2023-07-31 16:44:36,180.0,Logan_pass_VC,2023-07-31 16:51:21,2023-07-31 16:53:21,120.0,Logan_pass_parking,2023-07-31 17:05:06,2023-07-31 17:07:51,165.0,,,,,,,,,,,,,,,,,,,,,,,,,,,,,,,,,,,,,,,,
'17531,Logan_pass_parking,2023-07-31 18:23:25,2023-07-31 18:32:25,540.0,Hidden_lake_overlook,2023-07-31 19:58:25,2023-07-31 20:40:55,2550.0,Shuttle_Logan_pass,2023-07-31 20:43:25,2023-07-31 20:46:55,210.0,Logan_pass_parking,2023-07-31 20:46:55,2023-07-31 20:49:25,150.0,,,,,,,,,,,,,,,,,,,,,,,,,,,,,,,,,,,,
'18131,Shuttle_Logan_pass,2023-08-01 09:06:44,2023-08-01 09:09:29,165.0,Logan_pass_VC,2023-08-01 09:11:29,2023-08-01 14:06:14,17685.0,Logan_pass_parking,2023-08-01 14:06:44,2023-08-01 14:09:14,150.0,,,,,,,,,,,,,,,,,,,,,,,,,,,,,,,,,,,,,,,,
'18151,Shuttle_Logan_pass,2023-08-01 09:07:00,2023-08-01 09:40:30,2010.0,Loop_highline_grinnell_glac,2023-08-01 10:49:30,2023-08-01 10:56:45,435.0,Loop_highline_grinnell_glac,2023-08-01 11:00:45,2023-08-01 23:54:45,46440.0,,,,,,,,,,,,,,,,,,,,,,,,,,,,,,,,,,,,,,,,
'19011,Shuttle_Logan_pass,2023-08-01 12:09:05,2023-08-01 12:18:35,570.0,Logan_pass_VC,2023-08-01 14:50:35,2023-08-01 14:54:20,225.0,Hidden_lake_overlook,2023-08-01 15:01:05,2023-08-01 16:32:50,5505.0,Logan_pass_VC,2023-08-01 16:33:50,2023-08-01 16:39:50,360.0,Shuttle_Logan_pass,2023-08-01 16:40:50,2023-08-01 17:00:05,1155.0,Logan_pass_parking,2023-08-01 16:45:35,2023-08-01 16:50:50,315.0,Logan_pass_parking,2023-08-01 16:52:05,2023-08-01 17:02:05,600.0,,,,,,,,,,,,,,,,,,,,,,,,
'19021,Logan_pass_VC,2023-08-01 09:55:44,2023-08-01 10:02:29,405.0,Logan_pass_VC,2023-08-01 10:02:43,2023-08-01 10:09:29,406.0,Logan_pass_VC,2023-08-01 10:10:44,2023-08-01 10:48:14,2250.0,Logan_pass_VC,2023-08-01 10:48:44,2023-08-01 10:50:59,135.0,Hidden_lake_overlook,2023-08-01 10:52:14,2023-08-01 12:57:59,7545.0,Logan_pass_VC,2023-08-01 13:00:44,2023-08-01 13:05:44,300.0,Logan_pass_parking,2023-08-01 13:06:14,2023-08-01 13:08:14,120.0,,,,,,,,,,,,,,,,,,,,,,,,
'19041,Logan_pass_parking,2023-08-01 11:18:53,2023-08-01 11:20:53,120.0,Loop_highline_grinnell_glac,2023-08-01 11:28:53,2023-08-01 11:42:53,840.0,Loop_highline_grinnell_glac,2023-08-01 11:43:08,2023-08-01 13:53:53,7845.0,Loop_highline_grinnell_glac,2023-08-01 13:54:08,2023-08-01 18:03:08,14940.0,,,,,,,,,,,,,,,,,,,,,,,,,,,,,,,,,,,,
'19161,Logan_pass_VC,2023-08-01 08:16:22,2023-08-01 08:23:37,435.0,Logan_pass_VC,2023-08-01 08:25:52,2023-08-01 08:31:37,345.0,Loop_highline_grinnell_glac,2023-08-01 08:39:52,2023-08-01 09:09:37,1785.0,,,,,,,,,,,,,,,,,,,,,,,,,,,,,,,,,,,,,,,,
'19181,Logan_pass_VC,2023-08-01 09:08:32,2023-08-01 09:10:47,135.0,Logan_pass_VC,2023-08-01 09:11:32,2023-08-01 09:15:47,255.0,Hidden_lake_overlook,2023-08-01 13:27:47,2023-08-01 14:16:17,2910.0,Logan_pass_VC,2023-08-01 14:18:47,2023-08-01 14:25:32,405.0,Shuttle_Logan_pass,2023-08-01 14:25:47,2023-08-01 14:28:31,164.0,Logan_pass_parking,2023-08-01 14:27:32,2023-08-01 14:30:17,165.0,,,,,,,,,,,,,,,,,,,,,,,,,,,,
'19241,Logan_pass_VC,2023-08-01 11:23:00,2023-08-01 11:26:00,180.0,Logan_pass_VC,2023-08-01 11:27:14,2023-08-01 11:34:45,451.0,Hidden_lake_overlook,2023-08-01 11:36:15,2023-08-01 12:10:45,2070.0,Logan_pass_VC,2023-08-01 12:14:30,2023-08-01 12:18:15,225.0,Shuttle_Logan_pass,2023-08-01 12:22:20,2023-08-01 12:27:34,314.0,,,,,,,,,,,,,,,,,,,,,,,,,,,,,,,,
'19311,Hidden_lake_overlook,2023-08-01 12:01:53,2023-08-01 12:05:08,195.0,Shuttle_Logan_pass,2023-08-01 12:07:53,2023-08-01 12:17:53,600.0,Logan_pass_VC,2023-08-01 16:34:06,2023-08-01 16:37:21,195.0,Shuttle_Logan_pass,2023-08-01 16:38:06,2023-08-01 17:01:59,1433.0,Logan_pass_parking,2023-08-01 16:58:06,2023-08-01 17:02:14,248.0,Logan_pass_parking,2023-08-01 17:02:29,2023-08-01 17:05:02,153.0,,,,,,,,,,,,,,,,,,,,,,,,,,,,
'19331,Logan_pass_VC,2023-08-01 12:31:48,2023-08-01 12:33:48,120.0,Hidden_lake_overlook,2023-08-01 15:38:33,2023-08-01 16:19:03,2430.0,Logan_pass_VC,2023-08-01 16:23:48,2023-08-01 16:28:47,299.0,Logan_pass_VC,2023-08-01 16:29:32,2023-08-01 16:32:02,150.0,Shuttle_Logan_pass,2023-08-01 16:32:32,2023-08-01 17:01:47,1755.0,Logan_pass_parking,2023-08-01 17:00:01,2023-08-01 17:02:02,121.0,,,,,,,,,,,,,,,,,,,,,,,,,,,,
'19541,Loop_highline_grinnell_glac,2023-08-01 09:43:08,2023-08-01 10:02:38,1170.0,Loop_highline_grinnell_glac,2023-08-01 10:03:08,2023-08-01 10:32:08,1740.0,,,,,,,,,,,,,,,,,,,,,,,,,,,,,,,,,,,,,,,,,,,,
'20041,Logan_pass_parking,2023-08-02 12:14:06,2023-08-02 12:37:51,1425.0,,,,,,,,,,,,,,,,,,,,,,,,,,,,,,,,,,,,,,,,,,,,,,,,
'20071,Logan_pass_parking,2023-08-02 17:35:32,2023-08-02 17:37:32,120.0,Hidden_lake_overlook,2023-08-02 17:40:02,2023-08-02 19:04:17,5055.0,Logan_pass_VC,2023-08-02 19:07:17,2023-08-02 19:10:02,165.0,Loop_highline_grinnell_glac,2023-08-02 19:12:02,2023-08-02 19:34:02,1320.0,Logan_pass_parking,2023-08-02 19:37:47,2023-08-02 19:41:02,195.0,,,,,,,,,,,,,,,,,,,,,,,,,,,,,,,,
'20081,Logan_pass_parking,2023-08-02 12:50:07,2023-08-02 13:36:52,2805.0,,,,,,,,,,,,,,,,,,,,,,,,,,,,,,,,,,,,,,,,,,,,,,,,
'20201,Logan_pass_parking,2023-08-02 13:24:03,2023-08-02 13:32:18,495.0,,,,,,,,,,,,,,,,,,,,,,,,,,,,,,,,,,,,,,,,,,,,,,,,
'20291,Logan_pass_parking,2023-08-02 15:12:16,2023-08-02 15:17:31,315.0,Logan_pass_parking,2023-08-02 15:17:46,2023-08-02 15:51:46,2040.0,,,,,,,,,,,,,,,,,,,,,,,,,,,,,,,,,,,,,,,,,,,,
'20331,Logan_pass_parking,2023-08-02 12:21:08,2023-08-02 12:25:53,285.0,Logan_pass_parking,2023-08-02 12:29:08,2023-08-02 12:38:08,540.0,,,,,,,,,,,,,,,,,,,,,,,,,,,,,,,,,,,,,,,,,,,,
'21141,Logan_pass_VC,2023-08-03 08:12:16,2023-08-03 08:18:01,345.0,Hidden_lake_overlook,2023-08-03 08:20:46,2023-08-03 10:07:01,6375.0,Logan_pass_VC,2023-08-03 10:09:16,2023-08-03 10:24:46,930.0,Loop_highline_grinnell_glac,2023-08-03 10:27:46,2023-08-03 10:41:01,795.0,Loop_highline_grinnell_glac,2023-08-03 10:44:30,2023-08-03 11:29:01,2671.0,Loop_highline_grinnell_glac,2023-08-03 11:30:16,2023-08-03 11:40:31,615.0,Loop_highline_grinnell_glac,2023-08-03 11:43:01,2023-08-03 11:54:46,705.0,Logan_pass_VC,2023-08-03 11:56:46,2023-08-03 11:59:16,150.0,Shuttle_Logan_pass,2023-08-03 11:59:31,2023-08-03 12:13:31,840.0,Logan_pass_parking,2023-08-03 12:11:01,2023-08-03 12:14:31,210.0,,,,,,,,,,,,
'21191,Logan_pass_VC,2023-08-03 09:26:39,2023-08-03 09:30:24,225.0,Loop_highline_grinnell_glac,2023-08-03 09:36:24,2023-08-03 09:44:54,510.0,Loop_highline_grinnell_glac,2023-08-03 09:46:54,2023-08-03 15:02:09,18915.0,,,,,,,,,,,,,,,,,,,,,,,,,,,,,,,,,,,,,,,,
'21231,Shuttle_Logan_pass,2023-08-03 09:54:20,2023-08-03 09:56:20,120.0,Logan_pass_VC,2023-08-03 09:56:50,2023-08-03 10:06:20,570.0,Hidden_lake_overlook,2023-08-03 10:07:35,2023-08-03 12:29:05,8490.0,Logan_pass_VC,2023-08-03 12:30:04,2023-08-03 12:33:50,226.0,Shuttle_Logan_pass,2023-08-03 12:34:05,2023-08-03 12:45:20,675.0,Logan_pass_parking,2023-08-03 12:39:35,2023-08-03 12:46:35,420.0,,,,,,,,,,,,,,,,,,,,,,,,,,,,
'21341,Logan_pass_VC,2023-08-03 13:05:40,2023-08-03 13:09:55,255.0,Logan_pass_VC,2023-08-03 13:19:10,2023-08-03 13:23:55,285.0,Hidden_lake_overlook,2023-08-03 13:24:55,2023-08-03 14:43:55,4740.0,Shuttle_Logan_pass,2023-08-03 14:48:25,2023-08-03 14:55:55,450.0,Logan_pass_parking,2023-08-03 14:53:25,2023-08-03 14:55:40,135.0,,,,,,,,,,,,,,,,,,,,,,,,,,,,,,,,
'21351,Logan_pass_VC,2023-08-03 10:06:42,2023-08-03 10:14:57,495.0,Hidden_lake_overlook,2023-08-03 10:16:57,2023-08-03 12:10:12,6795.0,Logan_pass_VC,2023-08-03 12:12:12,2023-08-03 12:14:57,165.0,Shuttle_Logan_pass,2023-08-03 12:15:27,2023-08-03 12:21:12,345.0,Logan_pass_parking,2023-08-03 12:17:57,2023-08-03 12:22:12,255.0,,,,,,,,,,,,,,,,,,,,,,,,,,,,,,,,
'21381,Logan_pass_VC,2023-08-03 10:35:07,2023-08-03 10:45:37,630.0,Hidden_lake_overlook,2023-08-03 11:07:22,2023-08-03 13:04:07,7005.0,Logan_pass_VC,2023-08-03 13:05:22,2023-08-03 13:09:52,270.0,Shuttle_Logan_pass,2023-08-03 13:10:21,2023-08-03 13:16:52,391.0,,,,,,,,,,,,,,,,,,,,,,,,,,,,,,,,,,,,
'22091,Logan_pass_VC,2023-08-06 10:34:10,2023-08-06 10:39:55,345.0,Loop_highline_grinnell_glac,2023-08-06 10:42:10,2023-08-06 13:43:40,10890.0,Loop_highline_grinnell_glac,2023-08-06 13:46:40,2023-08-06 13:53:10,390.0,Shuttle_Logan_pass,2023-08-06 13:53:55,2023-08-06 14:08:10,855.0,,,,,,,,,,,,,,,,,,,,,,,,,,,,,,,,,,,,
'22151,Loop_highline_grinnell_glac,2023-08-01 12:12:15,2023-08-01 23:54:45,42150.0,,,,,,,,,,,,,,,,,,,,,,,,,,,,,,,,,,,,,,,,,,,,,,,,
'22221,Logan_pass_VC,2023-08-06 10:34:35,2023-08-06 10:40:20,345.0,Hidden_lake_overlook,2023-08-06 12:36:35,2023-08-06 13:11:20,2085.0,Shuttle_Logan_pass,2023-08-06 13:13:20,2023-08-06 13:21:50,510.0,,,,,,,,,,,,,,,,,,,,,,,,,,,,,,,,,,,,,,,,
'22401,Shuttle_Logan_pass,2023-08-06 08:56:28,2023-08-06 08:58:28,120.0,Logan_pass_VC,2023-08-06 09:04:28,2023-08-06 09:06:43,135.0,Hidden_lake_overlook,2023-08-06 09:13:28,2023-08-06 13:56:28,16980.0,Logan_pass_VC,2023-08-06 13:57:43,2023-08-06 14:07:28,585.0,Shuttle_Logan_pass,2023-08-06 14:08:28,2023-08-06 15:03:59,3331.0,,,,,,,,,,,,,,,,,,,,,,,,,,,,,,,,
'22471,Shuttle_Logan_pass,2023-08-06 08:56:20,2023-08-06 09:42:50,2790.0,Logan_pass_parking,2023-08-06 09:43:05,2023-08-06 09:45:35,150.0,,,,,,,,,,,,,,,,,,,,,,,,,,,,,,,,,,,,,,,,,,,,
'23011,Logan_pass_VC,2023-08-06 10:25:12,2023-08-06 10:35:42,630.0,Logan_pass_VC,2023-08-06 10:36:12,2023-08-06 10:39:42,210.0,Hidden_lake_overlook,2023-08-06 10:40:27,2023-08-06 12:31:42,6675.0,Logan_pass_VC,2023-08-06 12:33:12,2023-08-06 12:45:42,750.0,Shuttle_Logan_pass,2023-08-06 12:47:42,2023-08-06 13:21:57,2055.0,,,,,,,,,,,,,,,,,,,,,,,,,,,,,,,,
'23071,Shuttle_Logan_pass,2023-08-06 09:46:54,2023-08-06 09:50:09,195.0,Logan_pass_VC,2023-08-06 13:11:09,2023-08-06 13:18:24,435.0,Shuttle_Logan_pass,2023-08-06 13:18:54,2023-08-06 13:33:09,855.0,,,,,,,,,,,,,,,,,,,,,,,,,,,,,,,,,,,,,,,,
'23141,Logan_pass_VC,2023-08-06 11:26:17,2023-08-06 11:39:46,809.0,Loop_highline_grinnell_glac,2023-08-06 11:43:47,2023-08-06 12:48:47,3900.0,Hidden_lake_overlook,2023-08-06 14:06:32,2023-08-06 14:50:32,2640.0,Logan_pass_VC,2023-08-06 14:58:32,2023-08-06 15:06:47,495.0,Logan_pass_parking,2023-08-06 15:07:32,2023-08-06 15:10:32,180.0,,,,,,,,,,,,,,,,,,,,,,,,,,,,,,,,
'23171,Logan_pass_VC,2023-08-06 11:27:15,2023-08-06 11:47:00,1185.0,Hidden_lake_overlook,2023-08-06 11:48:30,2023-08-06 13:29:15,6045.0,Logan_pass_VC,2023-08-06 13:30:15,2023-08-06 13:35:00,285.0,Shuttle_Logan_pass,2023-08-06 13:36:00,2023-08-06 13:38:45,165.0,Logan_pass_parking,2023-08-06 13:39:00,2023-08-06 13:41:00,120.0,Shuttle_Logan_pass,2023-08-06 14:24:15,2023-08-06 14:47:30,1395.0,,,,,,,,,,,,,,,,,,,,,,,,,,,,
'23201,Logan_pass_VC,2023-08-06 12:08:50,2023-08-06 12:13:05,255.0,Shuttle_Logan_pass,2023-08-06 12:13:35,2023-08-06 12:47:50,2055.0,Shuttle_Logan_pass,2023-08-06 14:55:35,2023-08-06 14:58:05,150.0,,,,,,,,,,,,,,,,,,,,,,,,,,,,,,,,,,,,,,,,
'23281,Hidden_lake_trail,2023-08-06 09:46:36,2023-08-06 11:44:06,7050.0,,,,,,,,,,,,,,,,,,,,,,,,,,,,,,,,,,,,,,,,,,,,,,,,
'23291,Logan_pass_VC,2023-08-06 07:59:19,2023-08-06 08:08:04,525.0,Loop_highline_grinnell_glac,2023-08-06 08:12:34,2023-08-06 14:56:34,24240.0,,,,,,,,,,,,,,,,,,,,,,,,,,,,,,,,,,,,,,,,,,,,
'23341,Shuttle_Logan_pass,2023-08-06 10:23:22,2023-08-06 10:25:53,151.0,Logan_pass_VC,2023-08-06 10:26:38,2023-08-06 10:36:38,600.0,Loop_highline_grinnell_glac,2023-08-06 10:39:38,2023-08-06 10:56:38,1020.0,Loop_highline_grinnell_glac,2023-08-06 10:57:08,2023-08-06 15:06:08,14940.0,Logan_pass_VC,2023-08-06 15:08:53,2023-08-06 15:15:53,420.0,Logan_pass_parking,2023-08-06 15:17:23,2023-08-06 15:19:53,150.0,,,,,,,,,,,,,,,,,,,,,,,,,,,,
'23441,Loop_highline_grinnell_glac,2023-08-06 08:49:50,2023-08-06 08:59:20,570.0,Loop_highline_grinnell_glac,2023-08-06 09:01:50,2023-08-06 09:43:50,2520.0,Loop_highline_grinnell_glac,2023-08-06 09:46:35,2023-08-06 09:57:50,675.0,Logan_pass_VC,2023-08-06 10:05:05,2023-08-06 10:20:05,900.0,Hidden_lake_overlook,2023-08-06 10:22:05,2023-08-06 12:03:35,6090.0,Shuttle_Logan_pass,2023-08-06 12:05:05,2023-08-06 12:08:05,180.0,Logan_pass_parking,2023-08-06 12:06:05,2023-08-06 12:08:50,165.0,,,,,,,,,,,,,,,,,,,,,,,,
'23511,Shuttle_Logan_pass,2023-08-06 07:58:02,2023-08-06 08:13:17,915.0,Loop_highline_grinnell_glac,2023-08-06 08:15:47,2023-08-06 08:25:32,585.0,Loop_highline_grinnell_glac,2023-08-06 08:31:32,2023-08-07 00:56:47,59115.0,,,,,,,,,,,,,,,,,,,,,,,,,,,,,,,,,,,,,,,,
'23541,Logan_pass_parking,2023-08-06 09:13:50,2023-08-06 09:15:50,120.0,Logan_pass_VC,2023-08-06 09:16:35,2023-08-06 09:22:20,345.0,Hidden_lake_overlook,2023-08-06 12:57:20,2023-08-06 13:59:50,3750.0,Logan_pass_VC,2023-08-06 14:01:05,2023-08-06 14:08:20,435.0,Shuttle_Logan_pass,2023-08-06 14:09:34,2023-08-06 14:12:05,151.0,,,,,,,,,,,,,,,,,,,,,,,,,,,,,,,,
'24171,Logan_pass_parking,2023-08-07 08:58:18,2023-08-07 09:00:18,120.0,Shuttle_Logan_pass,2023-08-07 08:58:18,2023-08-07 09:03:17,299.0,Logan_pass_parking,2023-08-07 09:01:18,2023-08-07 09:04:03,165.0,,,,,,,,,,,,,,,,,,,,,,,,,,,,,,,,,,,,,,,,
'24231,Logan_pass_VC,2023-08-07 11:42:52,2023-08-07 11:54:07,675.0,Hidden_lake_overlook,2023-08-07 11:56:07,2023-08-07 13:04:47,4120.0,,,,,,,,,,,,,,,,,,,,,,,,,,,,,,,,,,,,,,,,,,,,
'24321,Shuttle_Logan_pass,2023-08-07 11:33:04,2023-08-07 11:35:19,135.0,Hidden_lake_overlook,2023-08-07 11:39:04,2023-08-07 13:36:49,7065.0,Logan_pass_VC,2023-08-07 13:39:34,2023-08-07 13:52:49,795.0,Logan_pass_parking,2023-08-07 13:53:19,2023-08-07 13:56:34,195.0,Shuttle_Logan_pass,2023-08-07 13:53:19,2023-08-07 13:58:04,285.0,Logan_pass_parking,2023-08-07 13:57:04,2023-08-07 14:00:04,180.0,,,,,,,,,,,,,,,,,,,,,,,,,,,,
'24441,Logan_pass_VC,2023-08-07 10:36:36,2023-08-07 10:39:06,150.0,Loop_highline_grinnell_glac,2023-08-07 10:41:21,2023-08-07 10:52:21,660.0,Loop_highline_grinnell_glac,2023-08-07 10:52:36,2023-08-07 11:22:51,1815.0,Loop_highline_grinnell_glac,2023-08-07 11:23:06,2023-08-07 11:27:21,255.0,Loop_highline_grinnell_glac,2023-08-07 11:27:36,2023-08-07 16:06:06,16710.0,,,,,,,,,,,,,,,,,,,,,,,,,,,,,,,,
'24481,Logan_pass_VC,2023-08-07 11:26:18,2023-08-07 11:28:48,150.0,Loop_highline_grinnell_glac,2023-08-07 12:30:33,2023-08-07 15:39:03,11310.0,Shuttle_Logan_pass,2023-08-07 15:40:18,2023-08-07 16:05:03,1485.0,Logan_pass_parking,2023-08-07 15:48:33,2023-08-07 15:51:18,165.0,Logan_pass_parking,2023-08-07 16:04:03,2023-08-07 16:08:18,255.0,,,,,,,,,,,,,,,,,,,,,,,,,,,,,,,,
'24541,Loop_highline_grinnell_glac,2023-08-07 10:28:25,2023-08-07 12:10:40,6135.0,Loop_highline_grinnell_glac,2023-08-07 12:19:25,2023-08-07 12:26:55,450.0,Shuttle_Logan_pass,2023-08-07 12:27:40,2023-08-07 12:29:55,135.0,Logan_pass_VC,2023-08-07 12:35:25,2023-08-07 12:50:40,915.0,Logan_pass_VC,2023-08-07 12:51:25,2023-08-07 12:55:25,240.0,Hidden_lake_overlook,2023-08-07 13:17:10,2023-08-07 15:34:40,8250.0,Shuttle_Logan_pass,2023-08-07 15:36:55,2023-08-07 16:01:40,1485.0,Logan_pass_parking,2023-08-07 15:39:25,2023-08-07 15:48:10,525.0,Logan_pass_parking,2023-08-07 15:49:25,2023-08-07 15:52:24,179.0,Logan_pass_parking,2023-08-07 15:59:55,2023-08-07 16:03:40,225.0,,,,,,,,,,,,
'25041,Logan_pass_parking,2023-08-08 12:14:38,2023-08-08 12:24:23,585.0,Logan_pass_parking,2023-08-08 12:24:38,2023-08-08 12:47:23,1365.0,Loop_highline_grinnell_glac,2023-08-08 12:54:23,2023-08-08 15:51:38,10635.0,Loop_highline_grinnell_glac,2023-08-08 15:51:53,2023-08-08 16:34:08,2535.0,Loop_highline_grinnell_glac,2023-08-08 16:37:53,2023-08-08 16:57:53,1200.0,Logan_pass_VC,2023-08-08 17:00:23,2023-08-08 17:02:46,143.0,Logan_pass_parking,2023-08-08 17:08:01,2023-08-08 17:16:01,480.0,,,,,,,,,,,,,,,,,,,,,,,,
'25171,Logan_pass_parking,2023-08-08 13:07:41,2023-08-08 13:10:56,195.0,Logan_pass_parking,2023-08-08 13:23:11,2023-08-08 13:44:41,1290.0,Logan_pass_parking,2023-08-08 14:48:05,2023-08-08 14:52:35,270.0,Hidden_lake_overlook,2023-08-08 18:23:20,2023-08-08 19:06:20,2580.0,Logan_pass_VC,2023-08-08 19:10:50,2023-08-08 19:17:43,413.0,Logan_pass_parking,2023-08-08 19:17:58,2023-08-08 19:20:58,180.0,,,,,,,,,,,,,,,,,,,,,,,,,,,,
'25201,Logan_pass_parking,2023-08-08 12:53:29,2023-08-08 12:58:44,315.0,,,,,,,,,,,,,,,,,,,,,,,,,,,,,,,,,,,,,,,,,,,,,,,,
'25231,Logan_pass_parking,2023-08-08 14:53:58,2023-08-08 14:59:28,330.0,Logan_pass_VC,2023-08-08 15:13:13,2023-08-08 15:15:13,120.0,Logan_pass_parking,2023-08-08 15:17:27,2023-08-08 15:22:43,316.0,,,,,,,,,,,,,,,,,,,,,,,,,,,,,,,,,,,,,,,,
'25281,Shuttle_Logan_pass,2023-08-08 13:52:32,2023-08-08 13:54:32,120.0,Loop_highline_grinnell_glac,2023-08-08 13:59:47,2023-08-08 19:45:32,20745.0,,,,,,,,,,,,,,,,,,,,,,,,,,,,,,,,,,,,,,,,,,,,
'25331,Logan_pass_parking,2023-08-08 13:00:05,2023-08-08 13:02:50,165.0,Logan_pass_parking,2023-08-08 14:08:50,2023-08-08 14:42:20,2010.0,Logan_pass_VC,2023-08-08 14:42:35,2023-08-08 14:48:35,360.0,Hidden_lake_overlook,2023-08-08 14:49:50,2023-08-08 16:05:20,4530.0,Logan_pass_parking,2023-08-08 16:07:50,2023-08-08 16:21:35,825.0,,,,,,,,,,,,,,,,,,,,,,,,,,,,,,,,
'25391,Logan_pass_parking,2023-08-08 14:28:18,2023-08-08 14:59:03,1845.0,Logan_pass_parking,2023-08-08 15:02:48,2023-08-08 15:05:18,150.0,Logan_pass_VC,2023-08-08 15:06:03,2023-08-08 15:15:18,555.0,Logan_pass_VC,2023-08-08 15:24:03,2023-08-08 15:26:18,135.0,Logan_pass_parking,2023-08-08 15:28:18,2023-08-08 15:35:48,450.0,,,,,,,,,,,,,,,,,,,,,,,,,,,,,,,,
